[
  {
    "id": "c9092887-0176-41bb-b14c-58c505ce658b",
    "data": [
      {
        "text": "What is pending to be ",
        "userDefined": false
      },
      {
        "text": "credited",
        "meta": "@sys.ignore",
        "userDefined": false
      },
      {
        "text": " or debited?",
        "userDefined": false
      }
    ],
    "isTemplate": false,
    "count": 0,
    "lang": "en",
    "updated": 0
  },
  {
    "id": "311a1dc7-b96a-4520-8429-526b6dd9b05a",
    "data": [
      {
        "text": "What are my pending transactions?",
        "userDefined": false
      }
    ],
    "isTemplate": false,
    "count": 0,
    "lang": "en",
    "updated": 0
  }
]