[
  {
    "id": "b54ac721-4dad-4b91-a986-550c2abef461",
    "data": [
      {
        "text": "Liquid cash available for transfer?",
        "userDefined": false
      }
    ],
    "isTemplate": false,
    "count": 0,
    "lang": "en",
    "updated": 0
  },
  {
    "id": "ffeb1810-cab7-46ff-8041-e3d131b621bd",
    "data": [
      {
        "text": "Cash available to transfer?",
        "userDefined": false
      }
    ],
    "isTemplate": false,
    "count": 0,
    "lang": "en",
    "updated": 0
  },
  {
    "id": "5a52d8e6-a5af-4539-8ded-03ed022825ef",
    "data": [
      {
        "text": "Funds available to transfer?",
        "userDefined": false
      }
    ],
    "isTemplate": false,
    "count": 0,
    "lang": "en",
    "updated": 0
  }
]