[
  {
    "id": "d9f3c8ff-63ad-4f12-994d-e2ad6b3d2576",
    "data": [
      {
        "text": "Can you please transfer ",
        "userDefined": false
      },
      {
        "text": "$2000",
        "meta": "@sys.unit-currency",
        "alias": "unit-currency",
        "userDefined": false
      },
      {
        "text": " to buy stocks?",
        "userDefined": false
      }
    ],
    "isTemplate": false,
    "count": 0,
    "lang": "en",
    "updated": 0
  },
  {
    "id": "cffe59f1-f0b9-42cc-8f18-4b9680511bb2",
    "data": [
      {
        "text": "Want to transfer ",
        "userDefined": false
      },
      {
        "text": "$2000",
        "meta": "@sys.ignore",
        "userDefined": false
      },
      {
        "text": " to trading account to buy stocks",
        "userDefined": false
      }
    ],
    "isTemplate": false,
    "count": 0,
    "lang": "en",
    "updated": 0
  },
  {
    "id": "7d451138-5a3a-4a9d-84b2-c063635d65d0",
    "data": [
      {
        "text": "Want to transfer ",
        "userDefined": false
      },
      {
        "text": "$2000",
        "meta": "@sys.ignore",
        "userDefined": false
      },
      {
        "text": " to my trading account",
        "userDefined": false
      }
    ],
    "isTemplate": false,
    "count": 0,
    "lang": "en",
    "updated": 0
  }
]