[
  {
    "id": "fbd7839f-76c2-430c-8506-3976168f1d66",
    "data": [
      {
        "text": "Deposit Check",
        "userDefined": false
      }
    ],
    "isTemplate": false,
    "count": 0,
    "lang": "en",
    "updated": 0
  },
  {
    "id": "9bc27d09-1d49-4139-9791-484c7748dbb3",
    "data": [
      {
        "text": "Remit check",
        "userDefined": false
      }
    ],
    "isTemplate": false,
    "count": 0,
    "lang": "en",
    "updated": 0
  },
  {
    "id": "37dab0fb-27ee-42a7-b1be-3f5f81433278",
    "data": [
      {
        "text": "Remit money",
        "userDefined": false
      }
    ],
    "isTemplate": false,
    "count": 0,
    "lang": "en",
    "updated": 0
  },
  {
    "id": "3349d581-3f3b-44c4-abcd-646af140ea7c",
    "data": [
      {
        "text": "I want to deposit $2000 dollars.",
        "userDefined": false
      }
    ],
    "isTemplate": false,
    "count": 0,
    "lang": "en",
    "updated": 0
  }
]