[
  {
    "id": "86f45b90-77dc-482f-bc26-5a2dedd81abf",
    "data": [
      {
        "text": "Cash Funds?",
        "userDefined": false
      }
    ],
    "isTemplate": false,
    "count": 0,
    "lang": "en",
    "updated": 0
  },
  {
    "id": "9839238e-991b-4490-ab3b-bc88f86ed66f",
    "data": [
      {
        "text": "Funds in cash?",
        "userDefined": false
      }
    ],
    "isTemplate": false,
    "count": 0,
    "lang": "en",
    "updated": 0
  },
  {
    "id": "9cd6f0ac-7b0c-418b-a2db-029f8da0a902",
    "data": [
      {
        "text": "Funds available?",
        "userDefined": false
      }
    ],
    "isTemplate": false,
    "count": 0,
    "lang": "en",
    "updated": 0
  },
  {
    "id": "b6e0a712-2ad7-4ef0-9631-632ec56a573a",
    "data": [
      {
        "text": "Available funds to trade?",
        "userDefined": false
      }
    ],
    "isTemplate": false,
    "count": 0,
    "lang": "en",
    "updated": 0
  },
  {
    "id": "e17e0d92-812f-49be-ad1a-5da6a108d844",
    "data": [
      {
        "text": "Current balance in my account?",
        "userDefined": false
      }
    ],
    "isTemplate": false,
    "count": 0,
    "lang": "en",
    "updated": 0
  },
  {
    "id": "24c9b2dd-7c22-44af-b5fe-e9253ef12f85",
    "data": [
      {
        "text": "Purchase power for me?",
        "userDefined": false
      }
    ],
    "isTemplate": false,
    "count": 0,
    "lang": "en",
    "updated": 0
  },
  {
    "id": "9732c911-f12b-4724-9838-205ebcdca679",
    "data": [
      {
        "text": "Buying power?",
        "userDefined": false
      }
    ],
    "isTemplate": false,
    "count": 0,
    "lang": "en",
    "updated": 0
  },
  {
    "id": "8bffe979-6969-4cd5-b52d-c626082a8455",
    "data": [
      {
        "text": "Cash availability?",
        "userDefined": false
      }
    ],
    "isTemplate": false,
    "count": 0,
    "lang": "en",
    "updated": 0
  },
  {
    "id": "02fb80b9-f3c0-4665-b902-85df311ae1aa",
    "data": [
      {
        "text": "Account balance?",
        "userDefined": false
      }
    ],
    "isTemplate": false,
    "count": 0,
    "lang": "en",
    "updated": 0
  },
  {
    "id": "2112d135-9916-4f90-a822-575f6659a976",
    "data": [
      {
        "text": "What is the balance in my card?",
        "userDefined": false
      }
    ],
    "isTemplate": false,
    "count": 0,
    "lang": "en",
    "updated": 0
  },
  {
    "id": "1cab9768-337b-442f-b316-bf649e229cac",
    "data": [
      {
        "text": "How much in my card?",
        "userDefined": false
      }
    ],
    "isTemplate": false,
    "count": 0,
    "lang": "en",
    "updated": 0
  },
  {
    "id": "ac4aa3eb-b367-4356-9081-e50dcf98b4ae",
    "data": [
      {
        "text": "what is the balance for saving account?",
        "userDefined": false
      }
    ],
    "isTemplate": false,
    "count": 0,
    "lang": "en",
    "updated": 0
  },
  {
    "id": "27a67453-ba3d-423c-8047-e46082477ed2",
    "data": [
      {
        "text": "what is the balance for checking account?",
        "userDefined": false
      }
    ],
    "isTemplate": false,
    "count": 0,
    "lang": "en",
    "updated": 0
  },
  {
    "id": "93427088-ef4f-474c-9d64-c7dd384760d5",
    "data": [
      {
        "text": "what is the cash available to trade?",
        "userDefined": false
      }
    ],
    "isTemplate": false,
    "count": 1,
    "lang": "en",
    "updated": 0
  },
  {
    "id": "b880f234-f07f-4468-8aad-f497a3ca635c",
    "data": [
      {
        "text": "what is the cash balance in my account?",
        "userDefined": false
      }
    ],
    "isTemplate": false,
    "count": 0,
    "lang": "en",
    "updated": 0
  },
  {
    "id": "92d7d2bc-7c19-41dc-9ef9-e004b8dfc711",
    "data": [
      {
        "text": "What is the available balance?",
        "userDefined": false
      }
    ],
    "isTemplate": false,
    "count": 0,
    "lang": "en",
    "updated": 0
  },
  {
    "id": "f0588be4-fdff-4649-ac0b-5ab302abe9cf",
    "data": [
      {
        "text": "What is my latest balance?",
        "userDefined": false
      }
    ],
    "isTemplate": false,
    "count": 0,
    "lang": "en",
    "updated": 0
  },
  {
    "id": "01f7361e-1940-481a-82ad-5b8c3ed57c96",
    "data": [
      {
        "text": "What is the balance in my account?",
        "userDefined": false
      }
    ],
    "isTemplate": false,
    "count": 0,
    "lang": "en",
    "updated": 0
  }
]