[
  {
    "id": "cb6f16b7-bb43-417e-8805-0009be5a5be7",
    "data": [
      {
        "text": "See stock index",
        "userDefined": false
      }
    ],
    "isTemplate": false,
    "count": 0,
    "lang": "en",
    "updated": 0
  },
  {
    "id": "968d28fb-de24-4e5a-8bf5-bd7aa37bb552",
    "data": [
      {
        "text": "See stock",
        "userDefined": false
      }
    ],
    "isTemplate": false,
    "count": 0,
    "lang": "en",
    "updated": 0
  },
  {
    "id": "e0b39c94-e781-45a6-9614-44b81495c248",
    "data": [
      {
        "text": "Buy stock",
        "userDefined": false
      }
    ],
    "isTemplate": false,
    "count": 0,
    "lang": "en",
    "updated": 0
  },
  {
    "id": "cfdf0462-e2ea-4f0a-8883-7a665765eb9a",
    "data": [
      {
        "text": "I want to buy stock",
        "userDefined": false
      }
    ],
    "isTemplate": false,
    "count": 0,
    "lang": "en",
    "updated": 0
  }
]