[
  {
    "id": "6aa79d1a-489b-45b4-bb35-07b0e3d00be9",
    "data": [
      {
        "text": "hola",
        "userDefined": false
      }
    ],
    "isTemplate": false,
    "count": 0,
    "lang": "es",
    "updated": 0
  },
  {
    "id": "1a249b81-dfe0-40f2-b2f2-a4c49c7e2faf",
    "data": [
      {
        "text": "hey",
        "userDefined": false
      }
    ],
    "isTemplate": false,
    "count": 0,
    "lang": "es",
    "updated": 0
  },
  {
    "id": "5230f9f1-cf86-4beb-a441-426f96c5467e",
    "data": [
      {
        "text": "saludos",
        "userDefined": false
      }
    ],
    "isTemplate": false,
    "count": 0,
    "lang": "es",
    "updated": 0
  },
  {
    "id": "a4da8c26-2bd5-4947-93f6-b07e7fdb854d",
    "data": [
      {
        "text": "hey ho",
        "userDefined": false
      }
    ],
    "isTemplate": false,
    "count": 0,
    "lang": "es",
    "updated": 0
  },
  {
    "id": "de8704a8-230a-423a-a87c-20e8b4b2f1b0",
    "data": [
      {
        "text": "chao",
        "userDefined": false
      }
    ],
    "isTemplate": false,
    "count": 0,
    "lang": "es",
    "updated": 0
  }
]