[
  {
    "id": "09203d75-7eff-4dc7-b150-f85c24dd321e",
    "data": [
      {
        "text": "काफ़ी दिनों से बात नहीं हुई",
        "userDefined": false
      }
    ],
    "isTemplate": false,
    "count": 0,
    "lang": "hi",
    "updated": 0
  },
  {
    "id": "8328a071-ed02-43df-84a8-ee4bd4ce3050",
    "data": [
      {
        "text": "नमस्कार",
        "userDefined": false
      }
    ],
    "isTemplate": false,
    "count": 1,
    "lang": "hi",
    "updated": 0
  },
  {
    "id": "ab013551-2eea-42a1-9c14-97bd4a739442",
    "data": [
      {
        "text": "नमस्ते",
        "userDefined": false
      }
    ],
    "isTemplate": false,
    "count": 3,
    "lang": "hi",
    "updated": 0
  },
  {
    "id": "ad918623-a695-439d-9185-ff3df5326d0f",
    "data": [
      {
        "text": "क्या हाल है",
        "userDefined": false
      }
    ],
    "isTemplate": false,
    "count": 0,
    "lang": "hi",
    "updated": 0
  },
  {
    "id": "02adfa79-0c14-4ae9-bb48-4cd1d1c18dc9",
    "data": [
      {
        "text": "सुनो, क्या हाल है",
        "userDefined": false
      }
    ],
    "isTemplate": false,
    "count": 0,
    "lang": "hi",
    "updated": 0
  },
  {
    "id": "00113a14-b1d3-4d53-8623-ba373875de78",
    "data": [
      {
        "text": "मेरी तरफ़ से नमस्ते",
        "userDefined": false
      }
    ],
    "isTemplate": false,
    "count": 0,
    "lang": "hi",
    "updated": 0
  }
]