[
  {
    "id": "d920667c-6e1c-48df-b214-1c993b0dd4f3",
    "data": [
      {
        "text": "ja hallo",
        "userDefined": false
      }
    ],
    "isTemplate": false,
    "count": 0,
    "lang": "de",
    "updated": 0
  },
  {
    "id": "56682e65-3fb2-441d-9167-6ea21703d40b",
    "data": [
      {
        "text": "ich grüße dich",
        "userDefined": false
      }
    ],
    "isTemplate": false,
    "count": 0,
    "lang": "de",
    "updated": 0
  },
  {
    "id": "a483bd65-0272-4b0f-8bb0-592401eb916a",
    "data": [
      {
        "text": "hallöchen",
        "userDefined": false
      }
    ],
    "isTemplate": false,
    "count": 0,
    "lang": "de",
    "updated": 0
  },
  {
    "id": "e86f760b-ab29-4f7e-80fa-8fde971ab361",
    "data": [
      {
        "text": "hallo Schatzi",
        "userDefined": false
      }
    ],
    "isTemplate": false,
    "count": 0,
    "lang": "de",
    "updated": 0
  },
  {
    "id": "e57ec8c1-56cf-4dde-beb5-c74d3d668774",
    "data": [
      {
        "text": "hallo Schatz",
        "userDefined": false
      }
    ],
    "isTemplate": false,
    "count": 0,
    "lang": "de",
    "updated": 0
  },
  {
    "id": "5b06a06a-ac30-4add-b416-96cea7bf6c37",
    "data": [
      {
        "text": "hallo hallo",
        "userDefined": false
      }
    ],
    "isTemplate": false,
    "count": 0,
    "lang": "de",
    "updated": 0
  },
  {
    "id": "bc86b958-924d-4967-856a-f595d1013727",
    "data": [
      {
        "text": "hallo",
        "userDefined": false
      }
    ],
    "isTemplate": false,
    "count": 0,
    "lang": "de",
    "updated": 0
  },
  {
    "id": "40fa0e11-681a-4ec8-bc7b-7f9dd70bf221",
    "data": [
      {
        "text": "grüß dich",
        "userDefined": false
      }
    ],
    "isTemplate": false,
    "count": 0,
    "lang": "de",
    "updated": 0
  }
]