[
  {
    "id": "14e687eb-a86a-4929-a1d4-2de08a991226",
    "data": [
      {
        "text": "amazon",
        "meta": "@stock",
        "alias": "stock",
        "userDefined": true
      },
      {
        "text": " would be great",
        "userDefined": false
      }
    ],
    "isTemplate": false,
    "count": 0,
    "lang": "en",
    "updated": 0
  },
  {
    "id": "2d5c115c-320b-43f5-944a-208978df3afe",
    "data": [
      {
        "text": "how is the performance of ",
        "userDefined": false
      },
      {
        "text": "amazon",
        "meta": "@stock",
        "alias": "stock",
        "userDefined": true
      },
      {
        "text": " stock",
        "userDefined": false
      }
    ],
    "isTemplate": false,
    "count": 0,
    "lang": "en",
    "updated": 0
  },
  {
    "id": "502463c2-fddb-4175-ae11-a208055202b6",
    "data": [
      {
        "text": "how is ",
        "userDefined": false
      },
      {
        "text": "amazon",
        "meta": "@stock",
        "alias": "stock",
        "userDefined": true
      },
      {
        "text": " stock doing today",
        "userDefined": false
      }
    ],
    "isTemplate": false,
    "count": 0,
    "lang": "en",
    "updated": 0
  },
  {
    "id": "82870748-e608-4eb1-b4e9-e1202148d61c",
    "data": [
      {
        "text": "help to check ",
        "userDefined": false
      },
      {
        "text": "amazon",
        "meta": "@stock",
        "alias": "stock",
        "userDefined": true
      }
    ],
    "isTemplate": false,
    "count": 0,
    "lang": "en",
    "updated": 0
  },
  {
    "id": "68e47ffc-112b-49a8-abeb-66cd951e65c6",
    "data": [
      {
        "text": "i want to check for ",
        "userDefined": false
      },
      {
        "text": "amazon",
        "meta": "@stock",
        "alias": "stock",
        "userDefined": true
      }
    ],
    "isTemplate": false,
    "count": 0,
    "lang": "en",
    "updated": 0
  },
  {
    "id": "0aa6ebd3-50cd-4b21-9fa7-0ca0112315a1",
    "data": [
      {
        "text": "i like to see ",
        "userDefined": false
      },
      {
        "text": "amazon",
        "meta": "@stock",
        "alias": "stock",
        "userDefined": true
      }
    ],
    "isTemplate": false,
    "count": 0,
    "lang": "en",
    "updated": 0
  },
  {
    "id": "69b2d155-5f8c-440b-85fb-fab785c66328",
    "data": [
      {
        "text": "i would like to see stock for ",
        "userDefined": false
      },
      {
        "text": "amazon",
        "meta": "@stock",
        "alias": "stock",
        "userDefined": true
      }
    ],
    "isTemplate": false,
    "count": 0,
    "lang": "en",
    "updated": 0
  },
  {
    "id": "0fc8d8ce-1ef2-4c82-85ef-28677ec444ba",
    "data": [
      {
        "text": "how about ",
        "userDefined": false
      },
      {
        "text": "amazon",
        "meta": "@stock",
        "alias": "stock",
        "userDefined": true
      }
    ],
    "isTemplate": false,
    "count": 0,
    "lang": "en",
    "updated": 0
  },
  {
    "id": "13457e85-33d7-423e-86d3-9f87d6cdcb9c",
    "data": [
      {
        "text": "let\u0027s check ",
        "userDefined": false
      },
      {
        "text": "amazon",
        "meta": "@stock",
        "alias": "stock",
        "userDefined": true
      }
    ],
    "isTemplate": false,
    "count": 0,
    "lang": "en",
    "updated": 0
  },
  {
    "id": "7c0372a5-fc4c-4c79-af7e-f76af1dc26a7",
    "data": [
      {
        "text": "amazon",
        "meta": "@stock",
        "alias": "stock",
        "userDefined": true
      }
    ],
    "isTemplate": false,
    "count": 0,
    "lang": "en",
    "updated": 0
  },
  {
    "id": "7ddf25ff-1b3f-4a78-96a3-f7c6345c4e71",
    "data": [
      {
        "text": "amazon",
        "meta": "@stock",
        "alias": "stock",
        "userDefined": true
      },
      {
        "text": " please",
        "userDefined": false
      }
    ],
    "isTemplate": false,
    "count": 1,
    "lang": "en",
    "updated": 0
  }
]