[
  {
    "value": "AAPL",
    "synonyms": [
      "AAPL",
      "Apple"
    ]
  },
  {
    "value": "AMZN",
    "synonyms": [
      "AMZN",
      "Amazon"
    ]
  },
  {
    "value": "CAT",
    "synonyms": [
      "CAT",
      "Caterpillar"
    ]
  },
  {
    "value": "SBUX",
    "synonyms": [
      "SBUX",
      "Starbucks"
    ]
  },
  {
    "value": "HD",
    "synonyms": [
      "HD",
      "Home Depot"
    ]
  },
  {
    "value": "S\u0026P 500",
    "synonyms": [
      "S\u0026P 500",
      "S\u0026P"
    ]
  },
  {
    "value": "Dow",
    "synonyms": [
      "Dow",
      "DJ",
      "Dow Jones"
    ]
  }
]