[
  {
    "value": "Siva",
    "synonyms": [
      "Siva",
      "Sivasankar",
      "Sivasankar Rabba"
    ]
  },
  {
    "value": "Sajith",
    "synonyms": [
      "Sajith",
      "Sajith Zakaria"
    ]
  },
  {
    "value": "Nirmal",
    "synonyms": [
      "Nirmal",
      "Nirmal Mekala"
    ]
  },
  {
    "value": "Ajay",
    "synonyms": [
      "Ajay",
      "Ajay Narayanan"
    ]
  },
  {
    "value": "Bala",
    "synonyms": [
      "Bala",
      "Balamuragan",
      "Balamuragan Navaneethakrishna"
    ]
  },
  {
    "value": "Suman",
    "synonyms": [
      "Suman",
      "Suman Vinod"
    ]
  },
  {
    "value": "Nisha",
    "synonyms": [
      "Nisha",
      "Nisha Pandey"
    ]
  },
  {
    "value": "Mohan",
    "synonyms": [
      "Mohan",
      "Mohan Niroula"
    ]
  },
  {
    "value": "Manan",
    "synonyms": [
      "Manan",
      "Manan Khanija"
    ]
  },
  {
    "value": "Jennifer",
    "synonyms": [
      "Jennifer",
      "Jennifer Meyer"
    ]
  }
]